{
    "param-disableraucolor": 0,
    "param-disablesadcolor": 0,
    "param-disablesadnormalize": 0,
    "param-disablesloleftcolor": 0,
    "param-disableslorightcolor": 1,
    "param-lambdaad": 751,
    "param-lambdacensus": 6,
    "param-leftrightthreshold": 10,
    "param-maxscorethreshb": 2893,
    "param-medianthreshold": 796,
    "param-minscorethresha": 4,
    "param-neighborthresh": 108,
    "param-raumine": 6,
    "param-rauminn": 3,
    "param-rauminnssum": 7,
    "param-raumins": 2,
    "param-rauminw": 2,
    "param-rauminwesum": 12,
    "param-regioncolorthresholdb": 0.786380709066072,
    "param-regioncolorthresholdg": 0.5664810046339115,
    "param-regioncolorthresholdr": 0.9857413557742051,
    "param-regionshrinku": 3,
    "param-regionshrinkv": 0,
    "param-regionspatialthresholdu": 7,
    "param-regionspatialthresholdv": 3,
    "param-robbinsmonrodecrement": 25,
    "param-robbinsmonroincrement": 2,
    "param-rsmdiffthreshold": 1.6605679586483368,
    "param-rsmrauslodiffthreshold": 0.7269914923801174,
    "param-rsmremovethreshold": 0.8150280066589434,
    "param-scanlineedgetaub": 13,
    "param-scanlineedgetaug": 15,
    "param-scanlineedgetaur": 30,
    "param-scanlinep1": 155,
    "param-scanlinep1onediscon": 160,
    "param-scanlinep1twodiscon": 59,
    "param-scanlinep2": 190,
    "param-scanlinep2onediscon": 507,
    "param-scanlinep2twodiscon": 493,
    "param-secondpeakdelta": 647,
    "param-texturecountthresh": 0,
    "param-texturedifferencethresh": 1722,
    "param-usersm": 1
}